Category,Coefficient,Std_Error
fuelType_Hybrid,0.05331499103559996,0.009604456222532282
fuelType_Petrol,-0.29114461028871563,0.003350393115616606
