Brand,Coefficient,Std_Error
Audi,10616.92862411719,101.90945167395711
BMW,10453.652452201391,101.57380680547159
Hyundai,470.3746547080215,134.80617935930687
Mercedes-Benz,12418.840505242368,95.75040637831091
Skoda,1995.6929225506815,122.31714186855707
Toyota,242.6346503448861,119.10551947300226
Vauxhall,-1873.2985220606781,94.70342332867503
Volkswagen,4559.195949991373,91.95475526168654
